layer,input,output
conv2d,"{'int_bits': 0, 'frac_bits': 7}","{'int_bits': 2, 'frac_bits': 5}"

layer,input,output
conv2d_1,"{'int_bits': 2, 'frac_bits': 5}","{'int_bits': 3, 'frac_bits': 4}"

layer,input,output
conv2d_2,"{'int_bits': 3, 'frac_bits': 4}","{'int_bits': 3, 'frac_bits': 4}"

layer,input,output
conv2d_3,"{'int_bits': 3, 'frac_bits': 4}","{'int_bits': 3, 'frac_bits': 4}"

layer,input,output_ns,output
primary_capsule,"{'int_bits': 3, 'frac_bits': 4}","{'int_bits': 5, 'frac_bits': 2}","{'int_bits': 0, 'frac_bits': 7}"

layer,input,input_hat,output_ns_0,output_s_0,cc_0,output_ns_1,output_s_1,cc_1,output_ns_2,output_s_2,cc_2,b_inst_0,b_old_0,b_new_0,b_inst_1,b_old_1,b_new_1,output
capsule,"{'int_bits': 0, 'frac_bits': 7}","{'int_bits': 1, 'frac_bits': 6}","{'int_bits': 0, 'frac_bits': 7}","{'int_bits': 0, 'frac_bits': 7}","{'int_bits': 0, 'frac_bits': 7}","{'int_bits': 1, 'frac_bits': 6}","{'int_bits': 0, 'frac_bits': 7}","{'int_bits': 0, 'frac_bits': 7}","{'int_bits': 3, 'frac_bits': 4}","{'int_bits': 0, 'frac_bits': 7}","{'int_bits': 0, 'frac_bits': 7}","{'int_bits': 1, 'frac_bits': 6}","{'int_bits': 0, 'frac_bits': 7}","{'int_bits': 1, 'frac_bits': 6}","{'int_bits': 2, 'frac_bits': 5}","{'int_bits': 1, 'frac_bits': 6}","{'int_bits': 3, 'frac_bits': 4}","{'int_bits': 0, 'frac_bits': 7}"

